Attr1,Attr2,Attr3,Attr4,Attr5,Attr6,Attr7,Attr8,Attr9,Attr10,Attr11,Attr12,Attr13,Attr14,Attr15,Attr16,Attr17,Attr18,Attr19,Attr20,Attr21,Attr22,Attr23,Attr24,Attr25,Attr26,Attr27,Attr28,Attr29,Attr30,Attr31,Attr32,Attr33,Attr34,Attr35,Attr36,Attr37,Attr38,Attr39,Attr40,Attr41,Attr42,Attr43,Attr44,Attr45,Attr46,Attr47,Attr48,Attr49,Attr50,Attr51,Attr52,Attr53,Attr54,Attr55,Attr56,Attr57,Attr58,Attr59,Attr60,Attr61,Attr62,Attr63,Attr64,class
0.086086,0.65377,0.3198,1.9366,36.608,0.0,0.10852,0.52959,1.7277,0.34623,0.27762,0.31784,0.079828,0.10852,1730.2,0.21096,1.5296,0.10852,0.062815,35.517,1.1219,0.24855,0.049827,0.29601,0.34563,0.17664,1.4699,0.94403,4.9197,0.32198,0.074515,91.869,4.3829,2.289,0.37111,1.7741,2.1142,0.57947,0.2148,0.29282,0.078406,0.14386,118.57,83.058,0.51206,0.78519,41.004,0.21915,0.12685,1.0114,0.34144,0.22816,1.0221,1.7106,26580.0,0.2148,0.24864,0.84352,0.67366,10.277,4.3945,72.135,5.0599,5.1,1
0.25079,0.67863,-0.13089,0.71974,-89.903,-0.21709,0.30867,0.47337,1.6717,0.32125,0.39944,0.66092,0.28303,0.30867,523.53,0.69719,1.4736,0.30867,0.18465,42.762,1.0,0.3823,0.15003,0.61734,0.29683,0.61191,4.2115,-0.1972,3.9133,0.39878,0.20952,113.87,3.2316,2.224,0.17448,1.9089,0.68844,0.52503,0.10438,0.045195,0.041373,0.22869,68.786,26.023,1.2805,0.46454,47.364,0.21783,0.1303,0.49532,0.46703,0.30944,0.484,0.79102,-1072.0,0.10445,0.78069,0.79067,0.63436,8.5355,14.026,101.97,3.5793,2.5186,1
0.18835,0.43032,0.36039,2.0857,36.159,0.0,0.23045,1.3238,2.4371,0.56968,0.23949,0.69424,0.13878,0.23045,464.41,0.78594,2.3238,0.23045,0.094557,20.32,1.441,0.23346,0.077286,0.32316,0.49076,0.68813,25.812,1.1713,3.5834,0.17301,0.098239,54.647,6.7058,5.1727,0.21995,2.4655,8.2441,0.6372,0.090248,0.062178,0.042037,0.095795,100.6,80.277,1.3883,0.47091,22.247,0.1257,0.051577,1.6089,0.33194,0.14912,1.8516,2.071,1381.0,0.090267,0.33063,0.90284,0.11852,17.963,4.5467,49.714,7.342,7.9211,1
0.006096,0.65099,0.001038,1.0019,-302.89,0.004412,0.006096,0.53613,0.99536,0.34901,0.006748,0.011116,0.011607,0.006096,20567.0,0.017747,1.5361,0.006096,0.006125,174.15,1.023,0.0,0.006125,0.038862,0.26081,0.017747,0.0,0.002305,4.6411,0.64912,0.015582,350.22,1.0422,0.87795,0.002502,0.99536,6.3052,0.36083,0.002514,0.013282,3.9767,0.0,198.81,24.656,0.012836,0.13589,303.29,-0.005457,-0.005482,0.844,0.5484,0.95951,0.77461,0.80084,45.444,0.4258,0.017467,0.57571,0.033864,2.0959,14.804,201.1,1.815,2.2091,0
0.062534,0.31277,0.36961,2.7728,39.29,0.0,0.063748,2.1972,1.6233,0.68723,0.080785,0.30576,0.10554,0.063748,666.31,0.54779,3.1972,0.063748,0.03927,48.878,0.96423,0.076885,0.038522,0.15233,0.50799,0.54391,4.5127,0.87606,5.0295,0.14267,0.04423,50.845,7.1786,4.7852,0.12665,1.6233,4.9757,0.75972,0.07802,0.39232,0.056517,0.047362,111.59,62.714,0.28767,1.7301,53.014,-0.030702,-0.018913,1.8483,0.20849,0.1393,1.6289,1.8007,39560.0,0.07802,0.090995,0.96091,0.10549,7.4675,5.8201,46.878,7.7861,3.8477,0
0.00054362,0.49266,-0.032906,0.87276,-21.067,0.0,0.00054362,1.0298,0.99301,0.50734,0.014128,0.0021021,0.090021,0.00054362,2011.6,0.18145,2.0298,0.00054362,0.00054745,3.3652,0.76188,0.01368,0.00054745,0.41918,0.00054362,0.18145,1.007,-0.042498,4.2188,0.49391,0.01418,94.754,3.8521,2.0221,-0.0031925,0.99301,2.669,0.58847,-0.003215,0.051206,0.16017,0.013777,78.096,74.731,0.059378,0.83736,3.3544,-0.075168,-0.075697,0.45814,0.25861,0.2596,0.65523,0.76002,-544.59,-0.003215,0.0010715,0.99947,0.15993,108.46,4.8842,95.059,3.8397,1.2825,0
0.078599,0.43,0.069653,1.1661,-21.324,0.0,0.10142,1.3256,3.0992,0.57,0.12134,0.2418,0.054526,0.10142,928.78,0.39299,2.3256,0.10142,0.032724,27.338,0.98575,0.11839,0.025362,0.39722,0.52856,0.33993,5.9432,0.13633,3.6001,0.10652,0.039152,51.171,7.133,6.9575,0.10741,3.0992,24.294,0.58058,0.034658,0.26377,0.077076,0.038202,44.571,17.233,0.33861,0.61264,28.319,0.050824,0.016399,1.1374,0.41942,0.14019,1.1156,1.1363,277.35,0.034658,0.13789,0.96755,0.018556,13.351,21.18,49.397,7.3891,6.0658,0
0.17306,0.70307,-0.072816,0.83106,-52.551,-0.18539,0.17306,0.42225,1.2436,0.29687,0.20853,0.40151,0.17944,0.17306,1150.0,0.31739,1.4223,0.17306,0.13916,22.923,1.997,0.19926,0.13916,0.2116,-0.012331,0.31739,5.6163,-0.11347,3.2122,0.56136,0.13916,145.78,2.5149,1.5417,0.16442,1.2925,1.0285,0.56921,0.13222,0.011572,0.093987,0.16023,103.67,80.747,2.2159,0.19277,26.415,0.14917,0.11995,0.50947,0.43101,0.3994,0.46262,0.88702,-118.69,0.13222,0.58293,0.83865,0.91738,15.923,4.5203,126.51,2.8852,1.9379,1
0.099086,0.92325,0.0054896,1.0161,-37.146,-0.048417,0.093348,0.083131,1.2791,0.07675,0.13647,0.27409,0.12188,0.093348,2161.5,0.16886,1.0831,0.093348,0.072978,18.501,1.1181,0.035949,0.077463,0.039396,0.050797,0.17508,0.83373,0.0083948,4.5211,0.66445,0.10668,100.0,3.6499,1.3464,0.036079,1.2791,0.53926,0.59827,0.028205,0.39868,0.31243,0.028104,60.005,41.504,1.5282,0.82574,19.038,-0.026606,-0.0208,0.37484,0.34058,0.27398,0.11737,0.91488,182.23,0.028205,1.291,0.93253,6.795,19.728,8.7944,97.183,3.7558,1.9561,0
-0.18257,0.8448,-0.28995,0.5086,-164.29,-0.23909,-0.22144,0.18371,0.82539,0.1552,-0.18347,-0.37529,-0.18497,-0.22144,-2019.7,-0.18072,1.1837,-0.22144,-0.26829,71.72,0.87335,-0.18355,-0.2212,0.97396,0.13941,-0.13471,-4.8334,-0.41428,3.9073,1.0235,-0.2304,209.93,1.7956,1.2541,-0.20051,0.82539,0.96703,0.29782,-0.24293,3.2e-05,-0.24534,-0.22238,132.7,60.982,-1.1257,0.23374,55.872,-0.25232,-0.3057,0.35524,0.59006,0.55692,0.22175,0.42552,-2342.1,-0.24293,-1.1764,1.3297,0.91896,5.0893,5.9853,260.93,1.3988,1.1793,1
0.0489,0.88367,0.21066,1.4032,32.537,0.049385,0.062752,0.13164,1.5049,0.11633,0.18509,0.12009,0.053916,0.062752,3975.3,0.091817,1.1316,0.062752,0.041699,10.619,1.692,0.16461,0.032494,0.095125,0.11227,0.076142,1.3455,0.78956,4.3872,0.51418,0.06559,141.23,2.5844,1.5282,0.15449,1.5049,2.0119,0.45899,0.10266,0.29928,0.16097,0.10938,139.9,129.28,1.1169,1.3194,11.834,0.14622,0.097167,0.82971,0.52253,0.38694,0.436,1.7203,5137.6,0.10266,0.42036,0.95916,2.9457,34.372,2.8233,126.74,2.88,5.6402,0
-0.014331,0.80653,-0.15717,0.76266,-108.51,0.035141,-0.014412,0.20959,0.97836,0.16904,-0.014412,-0.021763,0.0080709,-0.014412,35869.0,0.010176,1.2399,-0.014412,-0.014173,52.45,0.90823,0.017051,-0.014093,0.045072,0.16904,0.010276,0.16405,-0.31754,4.3948,0.71421,-0.014173,232.55,1.5695,0.021141,0.017051,1.0705,2.4871,0.31336,0.016768,0.12602,0.66842,0.016768,151.33,98.878,-0.098075,0.542,51.315,-0.0055681,-0.0054757,0.6262,0.66222,0.63713,0.34153,0.6331,-3900.9,-0.022117,-0.084779,1.0221,0.85373,6.959,3.6914,237.7,1.5356,2.0545,0
0.056744,0.87373,-0.0053868,0.9919,-62.608,-0.34605,0.059946,0.14453,2.0618,0.12628,0.10099,0.090182,0.058629,0.059946,2638.2,0.13835,1.1445,0.059946,0.029074,63.662,1.0275,0.039666,0.027521,0.0903,-0.22494,0.13469,0.9664,-0.015823,3.6666,0.41736,0.048779,116.58,3.3063,2.5154,-0.019293,2.2987,16.645,0.14429,-0.0093573,0.029822,0.2895,0.019238,113.21,49.549,0.15779,0.57083,59.724,-0.021271,-0.010317,0.75462,0.66473,0.30245,0.37092,0.42382,-25.0,-0.0094054,0.44936,0.95611,0.1426,5.7334,7.3664,117.67,3.1018,6.0563,1
0.088671,0.82691,-0.19798,0.67115,-57.814,0.001228,0.10978,0.20925,2.8532,0.17303,0.14915,0.18234,0.038475,0.10978,2749.4,0.13276,1.2093,0.10978,0.038475,31.007,1.1817,0.15212,0.031078,0.22499,0.16749,0.10723,3.864,-0.33226,4.178,0.28495,0.050077,87.38,4.6046,3.3525,0.13214,2.9258,0.72178,0.39703,0.046314,0.031088,0.1812,0.053316,49.296,18.289,0.36583,0.43369,31.914,0.15212,0.053316,0.48864,0.60204,0.21717,0.29038,0.6663,-2983.0,0.11859,0.51247,0.87703,1.2946,11.771,19.958,77.018,4.7392,4.7883,1
-0.29926,2.2371,-0.54263,0.64769,-322.72,-1.0373,-0.29926,-0.55318,1.0501,-1.2375,-0.027836,-0.1943,-0.27816,-0.29926,-2795.5,-0.13057,0.447,-0.29926,-0.28499,198.5,1.0813,-0.21304,-0.28499,-0.82449,-1.3365,-0.13057,-0.7849,-226.52,2.7034,2.0467,-0.28499,446.15,0.82019,0.56469,-0.20999,1.2354,0.6161,-0.54521,-0.19998,0.065078,-0.36221,-0.20288,311.92,113.42,-0.52404,0.43584,165.0,-0.22021,-0.20971,0.44593,1.5402,1.2192,-516.6,-227.6,-274.09,-0.19998,0.24182,1.0225,-0.55944,1.8388,3.2181,535.37,0.68177,438.36,1
-0.058442,0.99975,-0.44125,0.49573,-189.33,0.0,-0.058442,0.00032869,1.0416,0.0003286,0.0078367,-0.066788,-0.029293,-0.058442,-11960.0,-0.030518,1.0002,-0.058442,-0.056109,45.102,0.74648,0.0075342,-0.056109,-0.32892,-0.15128,-0.030518,0.11368,-0.77929,3.9049,0.94771,-0.011317,283.97,1.3054,1.1426,-0.083157,1.1501,2.4486,0.12492,-0.079837,0.032859,0.93965,0.0072335,141.93,96.833,-0.45408,0.17994,41.125,-0.020397,-0.019583,0.43389,0.87503,0.76603,0.00058035,0.22063,-3545.0,-0.079828,-177.85,0.99318,379.17,8.0928,3.7694,306.64,1.1903,1.8395,1
0.0083822,0.5772,-0.11488,0.69107,-118.84,-0.012924,0.0083822,0.73242,0.74758,0.42276,0.045284,0.022542,0.045151,0.0083822,6241.7,0.058478,1.7325,0.0083822,0.011213,62.939,1.1741,-0.016539,0.011213,0.036038,0.34058,0.058478,-0.44818,-0.15461,4.3753,0.77135,0.060575,183.6,2.0566,1.3249,0.0083675,0.80999,0.63979,0.62292,0.011193,0.0022665,2.1784,-0.022123,125.05,62.116,0.065025,0.34893,63.649,-0.04191,-0.056061,0.44521,0.37185,0.50302,0.569,0.83841,-2726.0,0.011161,0.019828,0.94413,0.47348,5.7993,5.8761,181.55,2.0104,1.0062,1
-0.12978,0.88195,-0.42581,0.47402,-82.589,0.0,-0.12978,0.13386,2.7875,0.11805,-0.11898,-0.16031,8.2714e-05,-0.12978,1396200.0,0.00026143,1.1339,-0.12978,-0.046558,27.63,0.97917,-0.11901,-0.046558,-0.18957,-0.012824,0.00026143,-11.019,-0.69095,2.9532,0.3162,-0.042684,101.07,3.6114,3.3149,-0.13607,2.7875,2.3858,0.19045,-0.048813,0.0056865,2.6714,-0.042693,49.644,22.015,-0.61506,0.21337,26.344,-0.24902,-0.089334,0.4351,0.80955,0.2769,0.19156,0.30905,-382.29,-0.048813,-1.0994,1.0463,0.61328,13.21,16.58,106.0,3.4433,4.5233,0
-0.060612,0.53336,0.27217,1.6994,-46.337,0.0,-0.050919,0.8749,1.1404,0.46664,-0.0040623,-0.13084,-0.021463,-0.050919,-7953.4,-0.045892,1.8749,-0.050919,-0.044648,138.56,0.75905,-0.0046607,-0.053148,-0.16722,0.44928,-0.064066,-0.099468,0.80368,4.3956,0.42902,-0.022106,111.98,3.3013,2.4088,-0.12798,1.2807,2.4864,0.5585,-0.11222,0.11637,0.81625,-0.0040868,197.17,58.609,-0.14,1.2288,122.99,-0.031102,-0.027272,1.24,0.38917,0.30291,1.3779,1.6492,6767.0,-0.11226,-0.12989,1.0032,0.19686,2.6342,6.2278,124.55,2.9304,3.3676,1
0.31105,1.0689,0.026328,1.0295,-2.5602,0.025658,0.31306,-0.06449,1.7533,-0.068935,0.32237,0.35101,0.17856,0.31306,1246.3,0.29287,0.93551,0.31306,0.17856,7.1407,1.209,0.20466,0.17741,0.34736,0.33677,0.29099,21.978,0.32187,4.174,0.41401,0.18387,209.11,1.7744,1.4805,0.16259,1.7533,5.2776,0.098546,0.092736,0.38834,0.1741,0.11673,119.05,111.91,9.0684,0.99106,7.9109,0.20466,0.11673,0.85899,0.89187,0.56356,-0.84275,1.2048,393.0,0.11207,-4.5121,0.90795,-2.4295,51.115,3.2616,185.67,1.9658,21.434,1
0.095189,0.49892,-0.068947,0.40961,-370.13,0.0,0.095189,1.0043,0.59176,0.50108,0.096262,0.8151,0.16086,0.095189,1913.1,0.19079,2.0043,0.095189,0.16086,18.637,0.80169,0.096254,0.16086,0.45282,0.48841,0.19079,89.729,-0.072411,4.2544,0.83301,0.16086,83.732,4.3859,1.0266,0.082688,0.59176,0.099318,0.67849,0.13973,0.067535,0.17278,0.16266,24.64,6.0032,3.1503,0.15088,21.532,0.096254,0.16266,0.095878,0.11678,0.228,0.52626,0.71258,-1238.5,0.13973,0.18997,0.86736,0.35404,19.585,60.801,72.032,5.0672,0.62149,0
-0.24363,0.92085,-0.50369,0.415,-330.59,-0.38536,-0.25972,0.085952,0.84148,0.079149,0.017231,-0.30165,-0.24482,-0.25972,-1631.5,-0.22371,1.086,-0.25972,-0.30865,107.37,0.68608,0.017027,-0.28953,-0.35428,0.0031019,-0.20624,0.06148,-0.78374,4.6987,1.0935,-0.28535,364.3,1.0212,0.95483,-0.021173,0.89649,2.1231,0.13086,-0.025162,0.0087626,0.43391,0.020234,151.72,44.349,-0.98423,0.29625,104.73,-0.036686,-0.043597,0.38803,0.86101,0.99807,0.12316,0.20362,-25169.0,-0.025186,-3.0781,0.98078,0.65335,3.3995,8.2302,373.47,0.97731,1.3093,1
-0.42995,1.077,-0.39017,0.48991,-278.92,-0.93126,-0.42995,-0.25035,0.65773,-0.26962,-0.42995,-0.56209,-0.63276,-0.42995,-1027.9,-0.3551,0.92854,-0.42995,-0.71138,115.75,0.38766,-0.35566,-0.71138,-0.93126,-0.26962,-0.3551,-3.8706,-0.62401,4.3813,1.7235,-0.71138,303.83,1.2013,-0.33025,-0.35566,0.63979,0.58663,0.042439,-0.58847,0.16813,-0.1149,-0.58847,148.64,32.888,-2.2432,0.23933,76.134,-0.40318,-0.66709,0.34795,0.7649,0.83242,-0.43121,0.067873,-9388.3,-0.52038,1.5946,1.5204,-1.1574,3.1533,11.098,461.94,0.79014,0.96659,0
0.05311,0.19391,0.17875,2.1586,112.56,0.21648,0.065498,4.1571,0.47263,0.80609,0.069772,0.42455,0.20298,0.065498,737.76,0.49474,5.1571,0.065498,0.13858,43.735,0.92452,0.063771,0.11237,0.29503,0.42376,0.43085,14.92,0.26801,5.5768,0.10766,0.14146,138.69,2.6669,2.1218,0.066606,0.48121,232.72,0.80728,0.14093,0.9465,0.068611,0.13493,144.42,100.68,0.93782,1.3136,50.24,0.033335,0.07053,1.7175,0.15428,0.37497,1.2086,1.2104,67458.0,0.14093,0.065886,0.855,0.001473,8.3457,3.6252,119.14,3.0635,0.70863,1
0.29048,1.1727,-0.27793,0.4879,-99.265,0.49941,0.36824,-0.23934,1.4329,-0.28067,0.36824,0.6785,0.27989,0.36824,896.74,0.40703,0.85274,0.36824,0.21593,2.8976,1.1733,0.51225,0.17033,0.72743,-0.28067,0.34073,4.3041,-0.37803,4.3883,0.6282,0.21593,166.44,2.1929,0.43682,0.51225,1.7141,0.39884,0.3493,0.30037,0.19896,0.06205,0.30037,33.563,30.665,21.456,0.46296,4.152,0.40317,0.23641,0.2258,0.54272,0.45601,-0.38175,0.4751,-6795.0,0.30212,-1.035,0.69788,-2.2445,125.97,11.903,116.16,3.1423,2.3196,0
0.034514,0.84967,-0.089726,0.86199,-38.029,0.0,0.034514,0.17692,1.9558,0.15033,0.054097,0.053089,0.039321,0.034514,4032.6,0.090512,1.1769,0.034514,0.017647,20.079,1.4666,0.044695,0.017647,0.040163,0.034541,0.090512,2.2824,-0.2041,4.4765,0.43227,0.017647,124.56,2.9494,2.2567,0.050803,1.9716,2.269,0.34988,0.025975,0.0076656,0.32522,0.022852,103.65,83.572,0.32079,0.17316,20.481,0.0023032,0.0011776,0.65954,0.65012,0.33906,0.34195,0.7959,-2688.1,0.025992,0.2296,0.97254,1.3275,18.178,4.3675,121.33,3.0084,4.449,1
0.02089,0.68197,-0.022951,0.9646,-85.727,0.0,0.027696,0.46633,1.3513,0.31802,0.041222,0.042724,0.048766,0.027696,3777.4,0.096628,1.4663,0.027696,0.020496,68.801,1.6754,0.041218,0.015459,0.06792,0.081021,0.086648,3.0471,-0.061306,3.3294,0.45514,0.030506,180.93,2.0343,1.9337,0.043508,1.36,11.081,0.35147,0.032198,0.14533,0.28623,0.030503,143.45,74.652,0.082014,0.53825,70.501,0.0030164,0.0022322,0.9169,0.64824,0.49158,0.8495,0.93883,-49.0,0.032236,0.065687,0.96965,0.10516,5.3052,4.8893,175.1,2.0845,3.6095,1
0.000493,0.33412,0.11637,1.466,-22.197,0.0,0.005172,1.9929,0.7602,0.66588,0.039223,0.020712,0.076944,0.005172,2084.9,0.17507,2.9929,0.005172,0.006803,62.798,0.81329,0.000535,0.000649,0.027002,0.48048,0.16106,0.015712,0.18356,4.9792,0.40222,0.02477,140.2,2.6446,1.9764,-0.005938,0.7602,29.904,0.67374,-0.00781,0.20569,0.2068,0.000704,151.1,88.304,0.00377,0.94223,72.293,-0.052787,-0.069438,1.0956,0.2497,0.37813,1.0504,1.0628,11093.0,0.14488,0.00074,0.91345,0.011815,5.8123,4.1335,119.89,3.0445,1.1992,1
0.000917,0.70893,0.049929,1.0891,-120.1,-0.0094912,-0.00085981,0.41057,0.93881,0.29106,0.11394,-0.0015344,0.0094496,-0.00085981,29168.0,0.012514,1.4106,-0.00085981,-0.00091585,128.45,0.90522,0.10345,0.00097676,0.010624,0.11827,0.01502,0.90113,0.12812,5.1762,0.73615,0.031487,240.73,1.5244,1.2049,0.089174,0.96813,2.3683,0.40924,0.094986,0.034066,0.20879,0.11019,229.85,101.4,0.0027755,0.62368,141.94,0.093719,0.099827,0.86085,0.56036,0.65953,0.74687,1.0501,7491.0,0.094993,0.0031505,0.88231,0.40603,2.8415,3.5997,217.86,1.6754,2.409,1
0.05395,0.43632,0.0088443,1.036,-20.771,0.0,0.056604,1.2919,2.1515,0.56368,0.10348,0.23022,0.0792,0.056604,934.6,0.39054,2.2919,0.056604,0.026309,22.156,1.3938,0.0026533,0.025075,0.021333,0.44575,0.38446,0.056604,0.011872,3.5305,0.19444,0.036585,40.086,9.1079,5.1324,-0.086969,2.3426,0.6517,0.75413,-0.040422,0.076739,0.12489,0.0012332,40.011,17.855,0.41309,0.60791,21.287,-0.11114,-0.051658,0.58378,0.24587,0.10979,0.75663,1.0123,30.0,-0.040559,0.095711,0.95595,0.33787,16.474,20.443,41.711,8.7506,2.888,1
-0.29497,2.6969,-0.24343,0.79828,-233.49,-1.5056,-0.29497,-0.62926,1.1866,-1.6971,-0.021919,-0.24442,-0.24299,-0.29497,-3413.9,-0.10691,0.37079,-0.29497,-0.24857,184.72,0.98238,-0.17606,-0.24857,-0.71613,-1.8006,-0.10691,-0.64478,-6.6409,2.6841,2.2088,-0.24857,326.23,1.1293,0.50531,-0.16358,1.3409,0.24347,-0.20677,-0.13785,0.092411,-0.53058,-0.14837,262.02,77.303,-0.49118,0.59004,160.84,-0.18268,-0.15395,0.35721,1.2068,0.88553,-46.297,-5.6409,-117.61,-0.13787,0.17381,1.0164,-0.87816,1.976,4.7217,371.2,0.98329,32.372,1
0.012436,0.54148,0.35099,1.8426,-23.087,0.0,0.016344,0.8468,2.4393,0.45852,0.047736,0.039234,0.023096,0.016344,3508.2,0.10404,1.8468,0.016344,0.0067,74.795,0.97145,0.047736,0.005098,0.43744,0.44003,0.096825,1.5206,1.51,3.6873,0.22073,0.018961,63.574,5.7413,4.4168,0.047641,2.4393,2.1431,0.58344,0.019531,0.012044,0.20574,0.01957,114.1,39.307,0.024879,0.64265,76.285,0.007743,0.003174,1.4175,0.41656,0.17418,1.9726,2.51,1708.4,0.019531,0.027121,0.9933,0.27243,4.88,9.2858,62.333,5.8557,10.494,0
-0.017269,0.6195,-0.031699,0.89704,2497.1,-0.000208,-0.01744,0.6142,0.67486,0.3805,-0.000482,-0.056646,-0.004201,-0.01744,-79763.0,-0.004576,1.6142,-0.01744,-0.025842,67.164,1.1062,-0.003019,-0.025589,0.011039,0.37333,-0.0043,-0.17805,-0.043794,5.4665,0.88559,-0.000714,230.74,1.6122,0.80123,-0.006302,0.67486,0.71505,0.59306,-0.009338,0.076227,1.7824,-0.004474,136.68,69.512,-0.13906,0.49368,91.317,-0.017624,-0.026115,0.4458,0.30787,0.62026,0.52568,0.81934,-9281.0,0.27834,-0.045385,0.76063,0.55863,5.4345,5.2509,166.51,2.192,0.93235,0
0.066157,0.58702,0.55291,2.2826,-58.0,0.0,0.08143,0.70351,1.8536,0.41298,0.11637,0.1889,0.059604,0.08143,1939.3,0.18821,1.7035,0.08143,0.04393,162.43,1.1357,0.083046,0.03569,0.18231,0.26054,0.16219,2.377,34.545,2.5159,0.28527,0.062762,88.775,4.1115,3.0193,0.081217,1.8611,1.228,0.54254,0.043815,0.15573,0.17455,0.044802,180.54,18.112,0.080201,2.0692,169.87,0.053992,0.029128,1.6762,0.43108,0.24322,25.802,33.897,181.36,0.043815,0.16019,0.95235,0.31375,2.2471,20.153,84.885,4.2999,115.81,1
0.14994,0.36467,0.58591,2.6619,10.944,0.000721,0.18971,1.7422,1.5669,0.63533,0.19905,0.53809,0.13928,0.18971,609.91,0.59845,2.7422,0.18971,0.12107,106.06,0.83359,0.19581,0.095694,0.40445,0.61149,0.48941,20.946,9.5203,3.6226,0.22824,0.12167,94.065,3.8803,3.7513,0.19885,1.5669,188.33,0.6379,0.12691,0.275,0.054185,0.12497,196.03,89.971,0.32934,1.3705,121.47,0.16727,0.10676,2.5734,0.35255,0.25771,10.323,10.365,2456.9,0.12691,0.236,0.87968,0.004038,3.4415,4.0569,82.127,4.4443,25.46,0
0.16762,0.39219,0.4555,3.176,53.811,0.0,0.2091,1.5498,1.9394,0.60781,0.21713,0.99891,0.13538,0.2091,545.21,0.66947,2.5498,0.2091,0.10782,37.133,1.0771,0.21378,0.086427,0.47087,0.60231,0.56369,26.618,1.359,5.0661,0.1834,0.11196,44.19,8.2598,4.4086,0.21042,1.9394,3.613,0.73722,0.10849,0.21135,0.048919,0.11023,116.8,79.663,0.84955,2.2335,41.652,0.16033,0.082667,1.6952,0.20933,0.12107,1.8135,2.1995,53036.0,0.10849,0.27577,0.89429,0.2129,9.8296,4.5818,39.396,9.265,5.7864,0
-0.016576,0.10479,0.24989,3.9273,81.994,0.0,-0.016451,8.5432,0.91272,0.89521,-0.012221,-0.19271,0.05763,-0.016451,727.13,0.50197,9.5432,-0.016451,-0.018024,21.181,1.1441,-0.016232,-0.018161,0.089398,0.85346,0.50078,-3.8379,0.37593,3.9814,0.012371,-0.01339,33.696,10.883,8.8661,-0.011978,0.91272,14.63,0.91451,-0.013123,1.1192,0.06613,-0.017785,95.863,74.683,-0.31296,3.3069,20.808,-0.085283,-0.093438,3.1994,0.085366,0.091885,1.3467,1.3757,3.9273,-0.013123,-0.018516,1.0179,0.021555,17.233,4.8873,34.138,10.692,1.3731,0
0.021704,0.87294,-0.0088162,0.98428,-40.876,0.0,0.021704,0.14555,1.5973,0.12706,0.047712,0.03869,0.031912,0.021704,6250.9,0.058391,1.1456,0.021704,0.013588,35.346,1.0306,0.045394,0.013588,0.088505,0.12273,0.058391,1.7454,-0.019685,3.9696,0.54206,0.02987,127.42,2.8644,1.8407,-0.0095269,1.5973,1.466,0.39819,-0.0059644,0.040522,0.38972,0.028419,120.98,85.629,0.14031,0.70854,35.136,0.016126,0.010096,0.6325,0.56095,0.34911,0.2837,0.88908,-82.197,-0.0059644,0.17081,0.98688,2.1338,10.327,4.2626,128.18,2.8475,3.5665,0
0.0,0.2813,0.39318,3.0268,168.71,0.48539,0.11017,2.5549,0.7165,0.7187,0.12279,0.56789,0.15376,0.11017,932.0,0.39163,3.5549,0.11017,0.15376,69.053,1.0186,0.10446,0.0,1.2203,0.6644,0.0,8.277,0.95238,5.0152,0.024069,0.15376,165.93,2.2,1.5172,0.10307,0.7165,5.1725,0.80601,0.14385,1.6582,0.089764,0.14579,135.25,66.195,0.0,2.328,115.93,0.10446,0.14579,2.0873,0.19399,0.45455,1.7409,1.9524,40718.0,0.40444,0.0,0.61326,0.12148,5.2858,5.514,98.823,3.6935,1.7356,1
-0.12039,0.97317,-0.066972,0.9235,-140.68,-0.034572,-0.12069,0.02754,1.3218,0.026801,-0.084368,-0.13787,-0.045035,-0.12069,-5967.3,-0.061167,1.0276,-0.12069,-0.091314,124.17,0.76026,-0.0878,-0.091086,-0.1471,-0.02192,-0.060857,-2.4169,-0.34971,3.682,0.71605,-0.070282,232.42,1.6187,1.4561,-0.053043,1.3326,3.7229,0.12317,-0.040131,0.045617,-1.2181,-0.066426,212.22,88.048,-0.26774,0.55928,115.83,-0.14897,-0.1127,0.83073,0.87542,0.61779,0.13995,0.64318,-322.0,-0.040126,-4.4921,1.0633,3.5958,2.9394,4.1455,241.74,1.5099,6.9019,1
0.024171,0.3895,0.55318,2.517,14194.0,0.54719,0.024171,1.5674,2.39,0.6105,0.057781,0.066288,0.021961,0.024171,2708.7,0.13475,2.5674,0.024171,0.010114,91.689,0.9915,0.057781,0.010114,0.32205,0.57136,0.13475,1.7192,6.7311,3.6379,0.16018,0.024176,57.085,6.4009,5.9923,0.058471,2.39,12.769,0.63536,0.024465,0.063131,0.1508,0.024176,136.66,44.966,0.040261,0.87058,93.887,0.029466,0.012329,2.3564,0.36464,0.15623,7.4286,7.7311,2403.0,0.024465,0.039593,0.99066,0.040724,3.9808,8.1173,55.689,6.5543,29.081,0
-0.0097349,0.77001,-0.16764,0.7499,-365.21,-0.14586,-0.0097349,0.29868,0.89978,0.22999,-0.0027165,-0.014524,0.027153,-0.0097349,11504.0,0.031729,1.2987,-0.0097349,-0.010819,130.66,0.67591,0.0,-0.010819,-0.11626,-0.13144,0.031729,0.0,-0.33705,3.9042,0.85404,-0.021638,393.74,0.927,0.80693,0.018091,0.89978,7.4584,0.2542,0.020106,0.1604,0.75123,0.0,160.29,29.627,-0.030224,0.26936,189.21,-0.034167,-0.037972,0.65277,0.67028,1.0787,0.46242,0.51109,-1344.6,0.30945,-0.042327,0.7121,0.10525,2.7936,12.32,271.9,1.3424,1.8091,0
0.035303,0.7591,0.12958,1.1787,-1.3639,0.13426,0.048722,0.31736,1.055,0.2409,0.048722,0.067181,0.044374,0.048722,4590.9,0.079506,1.3174,0.048722,0.035823,35.132,1.2294,0.062577,0.025956,0.17548,0.2409,0.061828,0.4854,0.89256,4.6394,0.45672,0.035823,205.33,1.7776,0.082437,0.062577,1.3823,21.381,0.27476,0.04601,0.195,0.33631,0.04601,191.45,156.32,0.26967,0.99817,37.064,0.050947,0.037459,1.1261,0.72524,0.56255,1.6593,1.8926,5649.0,0.052132,0.14654,0.94787,0.14054,10.389,2.335,194.63,1.8754,9.3683,0
0.23233,0.3459,0.58473,4.0567,28.22,0.37589,0.2288,1.891,3.0289,0.6541,0.23605,1.1961,0.09181,0.2288,454.02,0.80393,2.891,0.2288,0.075541,43.04,1.1558,0.23256,0.076704,0.46113,0.63676,0.81412,32.073,2.6108,3.9747,0.067889,0.077935,23.922,15.258,8.4383,0.11003,3.0289,3.2933,0.78129,0.036329,0.74702,0.04091,0.076781,76.297,33.256,0.65048,2.1896,44.663,0.18328,0.060512,2.2435,0.1913,0.065539,2.9205,3.4884,5516.8,0.036329,0.35519,0.92759,0.19445,8.4804,10.975,23.053,15.833,13.524,0
0.74793,0.44388,0.18106,1.6762,8.1644,-1.5134,0.76123,1.2527,7.6226,0.55604,0.76308,2.843,0.14058,0.76123,151.2,2.4141,2.2529,0.76123,0.099866,1.5483,1.1642,0.75463,0.098121,0.11982,-0.76555,2.3841,407.86,0.32854,2.055,0.044211,0.099947,14.9,25.651,15.473,1.0637,7.631,2.3635,0.73225,0.13955,0.39914,0.013894,0.098999,16.373,14.825,23.131,0.51991,1.7994,0.44432,0.05829,1.0111,0.26775,0.040823,1.009,1.3287,20.55,0.13953,1.3451,0.90001,0.31691,235.74,24.62,12.821,28.469,13.831,1
0.07943,0.69648,-0.082831,0.71462,-95.257,0.28158,0.07943,0.40217,1.1631,0.2801,0.07943,0.27366,0.26332,0.07943,1317.6,0.27702,1.4358,0.07943,0.10841,26.544,1.1309,0.11055,0.10841,0.28158,0.2801,0.27702,1.7548,-0.10451,4.5542,0.93348,0.10841,168.17,2.1704,0.15872,0.11055,0.74442,0.37943,0.68633,0.15088,0.044959,0.1022,0.15088,96.826,70.282,1.4907,0.53104,30.873,-0.0029595,-0.0040392,0.29781,0.29025,0.46074,0.3534,0.86594,-2967.3,0.14023,0.28358,0.85977,1.4503,13.751,5.1934,144.59,2.5244,0.92445,0
0.1152,0.46255,0.19165,1.5484,-60.68,0.0,0.14378,1.1619,1.1775,0.53745,0.19935,0.41145,0.13986,0.14378,1025.1,0.35606,2.1619,0.14378,0.12211,106.05,0.9556,0.17075,0.097833,0.35479,0.49886,0.29426,3.0731,0.41763,5.4954,0.34251,0.12954,138.54,2.7033,2.0424,0.25686,1.1775,2.0647,0.63383,0.21813,0.17291,0.080445,0.14501,149.0,42.952,0.33673,0.56943,132.18,0.14984,0.12725,1.1698,0.34946,0.36992,1.1712,1.3812,1.5484,0.21813,0.21435,0.81886,0.17933,3.4419,8.4979,108.32,3.3696,2.566,0
-0.031475,0.62315,-0.26276,0.023301,-1211.2,-4.1588e-05,-0.031475,0.60475,0.056001,0.37685,-0.026584,-0.11699,-0.47627,-0.031475,-8527.8,-0.042801,1.6047,-0.031475,-0.56204,18.965,0.49501,-0.026579,-0.56204,-0.028258,-0.03152,-0.042801,-5.4335,-0.26442,5.0513,11.091,-0.4795,1183.5,0.31242,0.13488,-0.02697,0.057468,0.0094856,0.73096,-0.48159,0.010983,-0.95391,-0.47461,21.599,2.6347,-10.817,0.021798,12.636,-0.031382,-0.56039,0.01006,0.26903,3.2009,0.37923,0.73557,-29570.0,-0.48159,-0.083522,1.4626,0.93966,19.246,138.54,1753.5,0.20816,0.056354,1
0.048382,0.59586,0.060603,1.123,-66.574,0.11246,0.065412,0.66799,1.056,0.39803,0.065412,0.13279,0.067103,0.065412,1752.8,0.20823,1.6782,0.065412,0.035376,70.437,1.0436,0.10151,0.026166,0.15122,0.39803,0.17965,0.57975,0.13563,4.1309,0.31415,0.035376,102.68,3.5546,0.17036,0.10151,1.8642,1.9015,0.5013,0.054899,0.064349,0.1223,0.054899,102.94,32.505,0.13559,0.39864,74.384,0.042845,0.023171,0.92839,0.49259,0.28133,0.89083,1.122,819.11,0.053062,0.12155,0.94694,0.25946,5.182,11.229,97.236,3.7538,4.1384,0
0.0013109,0.31803,0.21712,2.2452,-6.4029,-0.0035057,0.00054483,1.9452,1.0014,0.61864,0.00054483,0.0031247,0.033471,0.00054483,2809.1,0.12993,3.1444,0.00054483,0.0004413,68.088,0.93647,0.0066317,0.0010618,0.0031915,0.61864,0.13234,0.053791,0.35681,4.9569,0.24894,0.0004413,51.623,7.0706,0.020852,0.0066317,1.2702,1.1219,0.7623,0.0053715,0.10732,0.22054,0.0053715,110.21,42.12,0.0056922,0.9244,68.185,-0.034146,-0.027658,1.231,0.17436,0.14143,1.0166,1.2527,19663.0,0.0014173,0.0021191,0.99858,0.23223,5.3607,8.6657,51.549,7.0806,2.0289,0
0.48585,0.26128,0.60218,3.3208,113.84,0.21659,0.60016,2.8273,2.4676,0.73872,0.60027,2.313,0.25873,0.60016,149.38,2.4435,3.8273,0.60016,0.24322,0.07075,1.2592,0.52951,0.19689,0.81102,0.73118,2.006,5200.7,4.3526,3.8215,-0.09189,0.24326,49.133,7.4288,7.3774,0.54004,2.4676,476.65,0.74053,0.21885,1.8973,0.015339,0.21459,54.633,54.563,1015.8,3.319,0.090572,0.49125,0.19908,3.2978,0.25947,0.13461,5.3396,5.3526,3992.2,0.21885,0.65769,0.76357,0.002446,5159.0,6.6896,38.38,9.5101,17.836,0
0.22868,0.96779,0.25554,1.3618,-34.081,-0.28618,0.28696,0.03328,3.7321,0.032208,0.33947,0.40625,0.083905,0.28696,1128.1,0.32357,1.0333,0.28696,0.076889,17.304,0.89026,0.28078,0.061273,0.23599,-0.057499,0.26334,5.347,6.709,2.5243,0.25931,0.08768,75.27,4.8492,3.5393,0.3068,3.7321,3.0027,0.29363,0.082205,0.56685,0.10509,0.075233,54.915,37.611,1.2924,1.1113,18.854,0.25459,0.068217,0.99392,0.70637,0.20622,0.84558,7.7091,85.459,0.082206,7.1001,0.92563,8.1169,21.093,9.7046,69.083,5.2835,97.983,0
0.032872,0.68993,-0.03037,0.94815,-63.372,0.067179,0.045656,0.32897,1.0437,0.22697,0.045656,0.077953,0.048212,0.045656,3334.5,0.10946,1.4494,0.045656,0.029147,43.365,1.0896,0.059597,0.020985,0.094887,0.22697,0.090932,0.39709,-0.068295,4.5735,0.42638,0.029147,142.44,2.5625,0.086382,0.059597,1.6141,3.5419,0.33121,0.038046,0.11013,0.25355,0.038046,114.37,71.001,0.17663,0.63039,45.261,0.029733,0.018981,0.80489,0.58569,0.39024,0.5104,0.74481,-1137.5,0.04188,0.14483,0.95812,0.45928,8.4169,5.1408,136.47,2.6745,3.5226,0
-0.2777,0.59839,-0.01804,0.96346,-9.913,0.0,-0.2777,0.67154,0.68808,0.40184,-0.27589,-0.56242,-0.34324,-0.2777,-924.78,-0.39469,1.6712,-0.2777,-0.40358,3.0053,0.90492,-0.27904,-0.40358,0.24438,0.31589,-0.39469,-154.37,-0.034393,3.0461,0.84781,-0.40095,140.34,2.6683,2.2017,-0.59663,1.0415,5.6271,0.48538,-0.86708,0.053582,-0.083978,-0.40553,238.31,235.31,-49.016,0.065057,1.5696,-0.32056,-0.46587,0.795,0.49376,0.37477,0.76612,0.92538,-20.06,-0.8663,-0.69106,1.2649,0.20788,121.45,1.5511,261.92,1.3936,1.3119,1
0.023591,0.9205,-0.27497,0.42935,-143.89,-0.20963,-0.008098,0.086364,1.1574,0.079498,0.042823,-0.016806,-0.0069968,-0.008098,-41490.0,-0.0087973,1.0864,-0.008098,-0.0069968,43.012,2.2448,0.041895,0.020384,0.0020144,0.0020354,0.025629,0.82275,-0.3467,4.0766,0.79458,0.031774,165.93,2.2193,1.1617,-0.049023,1.1574,0.27737,0.33366,-0.042357,0.035144,0.73239,0.036198,59.904,16.892,0.17298,0.1463,46.552,0.041895,0.036198,0.22475,0.48185,0.4506,0.10024,0.42069,-3280.1,0.084179,0.29675,0.96795,3.1971,8.486,21.608,151.96,2.4019,1.4593,1
0.032757,0.57263,0.16637,1.4299,-55.151,-0.031664,0.033999,0.74633,1.3218,0.42737,0.080738,0.087855,0.054879,0.033999,2881.3,0.12668,1.7463,0.033999,0.025721,82.76,1.1004,0.074814,0.024781,-0.010084,0.072497,0.12451,1.6007,0.3725,3.8423,0.41858,0.055272,113.36,3.2242,2.1789,0.075817,1.3285,1.3663,0.61301,0.057358,0.18411,0.16839,0.056598,133.13,50.367,0.10929,0.65544,87.675,0.036272,0.027441,0.96635,0.38699,0.31016,0.95686,1.3725,1157.0,0.057359,0.076647,0.97441,0.43438,4.4103,7.2468,106.86,3.4157,2.9595,1
0.1439,0.93993,0.19926,1.7708,36.797,-0.27798,0.16142,0.063909,1.7326,0.06007,0.21876,0.62447,0.11575,0.16142,1710.6,0.21337,1.0639,0.16142,0.093169,5.9105,1.0464,0.20874,0.083052,-0.11655,-0.11302,0.19473,3.6407,0.36747,2.7617,0.4551,0.11112,59.149,6.1709,1.6971,0.13745,1.7326,0.63078,0.74129,0.079332,0.63279,0.1264,0.12048,61.974,56.063,5.1288,1.6623,6.4198,0.16961,0.09789,0.48701,0.2585,0.16205,0.11078,1.3671,115.12,0.079332,2.3955,0.95376,11.341,61.755,6.5105,54.456,6.7026,3.1953,1
-0.24249,0.92733,0.16598,1.2081,-87.909,-0.023207,-0.24262,0.078321,1.6559,0.072629,-0.23743,-0.30423,-0.14652,-0.24262,-1395.1,-0.26163,1.0784,-0.24262,-0.14652,134.51,1.9201,-0.14208,-0.14644,-0.26873,-0.2502,-0.26149,-1.4059,4.5452,4.3611,0.54788,-0.13884,173.8,2.2922,1.9712,-0.14744,1.6864,2.8477,0.19668,-0.089037,0.027901,-0.21756,-0.085803,207.47,72.964,-0.39739,0.79307,121.84,-0.14208,-0.085803,1.039,0.79748,0.43627,1.9888,5.3858,3812.0,-0.011412,-3.3387,1.0077,1.708,2.7136,5.0025,175.79,2.0764,45.343,1
-0.082601,0.90301,-0.053278,0.93688,-77.941,-0.0033507,-0.082912,0.10732,2.4243,0.096912,-0.049144,-0.098222,-0.014685,-0.082912,-9258.4,-0.039424,1.1074,-0.082912,-0.034201,71.644,0.87191,-0.049179,-0.034072,-0.055142,-0.053278,-0.039079,-1.4564,-0.25474,4.1091,0.37247,-0.026803,123.86,2.9515,2.759,-0.063334,2.4423,167.56,0.098792,-0.026125,9.214e-05,-16.125,-0.020286,119.06,47.415,-0.17359,0.56381,69.713,-0.096491,-0.039802,0.8758,0.84413,0.33882,0.46337,0.47236,-685.0,-0.026116,-0.85233,1.0201,0.019398,5.0946,7.698,127.09,2.8719,11.591,1
0.080922,0.45606,0.52851,2.5752,19.062,0.0,0.10138,1.1927,1.4126,0.54394,0.12931,0.30216,0.081258,0.10138,1450.2,0.25168,2.1927,0.10138,0.07177,113.82,1.0233,0.12661,0.057287,0.26449,0.53616,0.20682,4.5337,3.8873,3.8081,0.22332,0.072679,96.684,3.7752,2.7774,0.14591,1.4126,4.9002,0.63037,0.10329,0.48361,0.10858,0.089632,181.33,67.512,0.18371,1.2623,126.93,0.11321,0.080144,1.8946,0.33553,0.26489,4.0007,4.6364,3397.2,0.10329,0.14877,0.92904,0.1589,3.2068,5.4064,86.698,4.21,10.39,0
0.002958,0.77675,-0.04624,0.84302,-47.291,0.0,0.002958,0.28741,1.0032,0.22325,0.011805,0.010041,0.019051,0.002958,14834.0,0.024606,1.2874,0.002958,0.002948,30.83,1.2264,0.009816,0.002948,0.00973,0.22035,0.024606,1.1095,-0.061515,4.2785,0.76674,0.011767,105.73,3.4529,1.3094,-0.013732,1.0289,2.5438,0.28755,-0.013688,0.027356,0.99696,0.009784,87.413,56.583,0.034904,0.31504,30.41,-0.006339,-0.006319,0.31968,0.29455,0.28961,0.29699,0.38254,-878.0,-0.013649,0.013248,0.98849,0.28804,11.839,6.4507,107.17,3.4059,1.3346,1
0.11971,0.41355,0.2013,1.4947,-2.0189,0.10181,0.14957,1.4181,1.0534,0.58645,0.14957,0.36762,0.062478,0.14957,837.63,0.43575,2.4181,0.14957,0.051857,27.166,1.2292,0.15521,0.041504,0.12964,0.58645,0.36354,0.56684,0.51375,4.83,0.097132,0.051857,54.238,6.7296,0.3753,0.15521,2.9222,58.93,0.59313,0.05381,0.3323,0.073162,0.05381,59.853,32.687,0.55765,0.96714,28.617,0.12457,0.043189,1.4706,0.40687,0.1486,1.4967,1.5138,13608.0,0.050703,0.20413,0.9493,0.011386,13.436,11.167,51.488,7.089,7.3613,0
0.04056,0.81739,0.054188,1.1207,-7.8623,0.066965,0.05281,0.1622,1.023,0.13258,0.05281,0.11767,0.06158,0.05281,2060.7,0.17712,1.2234,0.05281,0.022462,11.748,3.0353,0.053497,0.017252,0.087231,0.13258,0.16214,0.23278,0.10903,4.785,0.28816,0.022462,71.279,5.1207,0.065448,0.053497,2.384,1.1593,0.50118,0.022754,0.37122,0.18474,0.022754,52.222,40.474,0.53601,0.95213,12.018,-0.038472,-0.016364,0.61535,0.44879,0.19529,0.26675,1.0084,3303.3,0.022516,0.30592,0.97748,2.7801,31.07,9.0181,69.674,5.2387,4.7303,0
-0.14896,0.87526,-0.14094,0.41254,-387.98,-0.70392,-0.14896,0.14252,0.089025,0.12474,-0.095565,-0.62093,-1.0805,-0.14896,-3321.2,-0.1099,1.1425,-0.14896,-1.6733,5.7957,0.70273,-0.095595,-1.6733,-0.65683,-0.85289,-0.1099,-1.7902,-0.15642,3.5418,9.8316,-1.1911,473.69,0.77054,0.2112,-0.095832,0.089025,0.15355,0.76009,-1.0765,0.0,-0.68132,-1.0738,405.77,399.98,-105.38,0.40664,2.7911,-0.14837,-1.6666,0.11307,0.23991,1.2978,0.13844,0.84358,-490.73,-1.0765,-1.1942,2.579,5.0934,62.978,0.91255,983.61,0.37108,0.098804,0
0.018393,0.30791,0.45443,2.5065,39.219,0.068206,0.028087,2.1282,1.018,0.65531,0.028087,0.093112,0.051381,0.028087,1492.6,0.24453,3.2477,0.028087,0.019166,72.948,1.058,0.0292,0.012551,0.09768,0.65531,0.21305,0.20284,1.863,4.8741,0.19744,0.019166,76.485,4.7722,0.094832,0.0292,1.5627,73.92,0.66158,0.019926,0.094309,0.13249,0.019926,181.23,108.29,0.062801,1.5356,74.26,-0.018009,-0.012289,2.4555,0.30165,0.20955,2.6866,2.7123,34008.0,0.017676,0.028067,0.98232,0.0095623,5.0036,3.3707,75.133,4.8581,6.0079,0
-0.008735,0.71914,0.01736,1.0512,-72.221,-0.004512,-0.007645,0.39054,1.2605,0.28086,0.037958,-0.022547,0.020818,-0.007645,10003.0,0.036491,1.3905,-0.007645,-0.006065,75.209,1.0251,0.037911,-0.00693,0.009627,0.073798,0.034974,0.83133,0.026975,4.6232,0.56908,-0.005305,99.492,3.6717,1.7311,0.016633,1.2829,0.31248,0.59027,0.013195,0.007024,0.33388,0.030076,102.52,27.306,-0.033631,0.77307,76.153,0.004025,0.003193,0.49561,0.33906,0.27236,0.43641,0.91719,729.0,0.013205,-0.031101,0.97039,1.1017,4.8531,13.367,98.178,3.7177,1.9587,1
